Race Name,Round,Date,Circuit,Driver Name,Driver Nationality,Constructor,Position,Points
Australian Grand Prix,1,2019-03-17,Albert Park Grand Prix Circuit,Valtteri Bottas,Finnish,Mercedes,1,26
Australian Grand Prix,1,2019-03-17,Albert Park Grand Prix Circuit,Lewis Hamilton,British,Mercedes,2,18
Australian Grand Prix,1,2019-03-17,Albert Park Grand Prix Circuit,Max Verstappen,Dutch,Red Bull,3,15
Australian Grand Prix,1,2019-03-17,Albert Park Grand Prix Circuit,Sebastian Vettel,German,Ferrari,4,12
Australian Grand Prix,1,2019-03-17,Albert Park Grand Prix Circuit,Charles Leclerc,Monegasque,Ferrari,5,10
Australian Grand Prix,1,2019-03-17,Albert Park Grand Prix Circuit,Kevin Magnussen,Danish,Haas F1 Team,6,8
Australian Grand Prix,1,2019-03-17,Albert Park Grand Prix Circuit,Nico Hülkenberg,German,Renault,7,6
Australian Grand Prix,1,2019-03-17,Albert Park Grand Prix Circuit,Kimi Räikkönen,Finnish,Alfa Romeo,8,4
Australian Grand Prix,1,2019-03-17,Albert Park Grand Prix Circuit,Lance Stroll,Canadian,Racing Point,9,2
Australian Grand Prix,1,2019-03-17,Albert Park Grand Prix Circuit,Daniil Kvyat,Russian,Toro Rosso,10,1
Australian Grand Prix,1,2019-03-17,Albert Park Grand Prix Circuit,Pierre Gasly,French,Red Bull,11,0
Australian Grand Prix,1,2019-03-17,Albert Park Grand Prix Circuit,Lando Norris,British,McLaren,12,0
Australian Grand Prix,1,2019-03-17,Albert Park Grand Prix Circuit,Sergio Pérez,Mexican,Racing Point,13,0
Australian Grand Prix,1,2019-03-17,Albert Park Grand Prix Circuit,Alexander Albon,Thai,Toro Rosso,14,0
Australian Grand Prix,1,2019-03-17,Albert Park Grand Prix Circuit,Antonio Giovinazzi,Italian,Alfa Romeo,15,0
Australian Grand Prix,1,2019-03-17,Albert Park Grand Prix Circuit,George Russell,British,Williams,16,0
Australian Grand Prix,1,2019-03-17,Albert Park Grand Prix Circuit,Robert Kubica,Polish,Williams,17,0
Australian Grand Prix,1,2019-03-17,Albert Park Grand Prix Circuit,Romain Grosjean,French,Haas F1 Team,18,0
Australian Grand Prix,1,2019-03-17,Albert Park Grand Prix Circuit,Daniel Ricciardo,Australian,Renault,19,0
Australian Grand Prix,1,2019-03-17,Albert Park Grand Prix Circuit,Carlos Sainz,Spanish,McLaren,20,0
Bahrain Grand Prix,2,2019-03-31,Bahrain International Circuit,Lewis Hamilton,British,Mercedes,1,25
Bahrain Grand Prix,2,2019-03-31,Bahrain International Circuit,Valtteri Bottas,Finnish,Mercedes,2,18
Bahrain Grand Prix,2,2019-03-31,Bahrain International Circuit,Charles Leclerc,Monegasque,Ferrari,3,16
Bahrain Grand Prix,2,2019-03-31,Bahrain International Circuit,Max Verstappen,Dutch,Red Bull,4,12
Bahrain Grand Prix,2,2019-03-31,Bahrain International Circuit,Sebastian Vettel,German,Ferrari,5,10
Bahrain Grand Prix,2,2019-03-31,Bahrain International Circuit,Lando Norris,British,McLaren,6,8
Bahrain Grand Prix,2,2019-03-31,Bahrain International Circuit,Kimi Räikkönen,Finnish,Alfa Romeo,7,6
Bahrain Grand Prix,2,2019-03-31,Bahrain International Circuit,Pierre Gasly,French,Red Bull,8,4
Bahrain Grand Prix,2,2019-03-31,Bahrain International Circuit,Alexander Albon,Thai,Toro Rosso,9,2
Bahrain Grand Prix,2,2019-03-31,Bahrain International Circuit,Sergio Pérez,Mexican,Racing Point,10,1
Bahrain Grand Prix,2,2019-03-31,Bahrain International Circuit,Antonio Giovinazzi,Italian,Alfa Romeo,11,0
Bahrain Grand Prix,2,2019-03-31,Bahrain International Circuit,Daniil Kvyat,Russian,Toro Rosso,12,0
Bahrain Grand Prix,2,2019-03-31,Bahrain International Circuit,Kevin Magnussen,Danish,Haas F1 Team,13,0
Bahrain Grand Prix,2,2019-03-31,Bahrain International Circuit,Lance Stroll,Canadian,Racing Point,14,0
Bahrain Grand Prix,2,2019-03-31,Bahrain International Circuit,George Russell,British,Williams,15,0
Bahrain Grand Prix,2,2019-03-31,Bahrain International Circuit,Robert Kubica,Polish,Williams,16,0
Bahrain Grand Prix,2,2019-03-31,Bahrain International Circuit,Nico Hülkenberg,German,Renault,17,0
Bahrain Grand Prix,2,2019-03-31,Bahrain International Circuit,Daniel Ricciardo,Australian,Renault,18,0
Bahrain Grand Prix,2,2019-03-31,Bahrain International Circuit,Carlos Sainz,Spanish,McLaren,19,0
Bahrain Grand Prix,2,2019-03-31,Bahrain International Circuit,Romain Grosjean,French,Haas F1 Team,20,0
Chinese Grand Prix,3,2019-04-14,Shanghai International Circuit,Lewis Hamilton,British,Mercedes,1,25
Chinese Grand Prix,3,2019-04-14,Shanghai International Circuit,Valtteri Bottas,Finnish,Mercedes,2,18
Chinese Grand Prix,3,2019-04-14,Shanghai International Circuit,Sebastian Vettel,German,Ferrari,3,15
Chinese Grand Prix,3,2019-04-14,Shanghai International Circuit,Max Verstappen,Dutch,Red Bull,4,12
Chinese Grand Prix,3,2019-04-14,Shanghai International Circuit,Charles Leclerc,Monegasque,Ferrari,5,10
Chinese Grand Prix,3,2019-04-14,Shanghai International Circuit,Pierre Gasly,French,Red Bull,6,9
Chinese Grand Prix,3,2019-04-14,Shanghai International Circuit,Daniel Ricciardo,Australian,Renault,7,6
Chinese Grand Prix,3,2019-04-14,Shanghai International Circuit,Sergio Pérez,Mexican,Racing Point,8,4
Chinese Grand Prix,3,2019-04-14,Shanghai International Circuit,Kimi Räikkönen,Finnish,Alfa Romeo,9,2
Chinese Grand Prix,3,2019-04-14,Shanghai International Circuit,Alexander Albon,Thai,Toro Rosso,10,1
Chinese Grand Prix,3,2019-04-14,Shanghai International Circuit,Romain Grosjean,French,Haas F1 Team,11,0
Chinese Grand Prix,3,2019-04-14,Shanghai International Circuit,Lance Stroll,Canadian,Racing Point,12,0
Chinese Grand Prix,3,2019-04-14,Shanghai International Circuit,Kevin Magnussen,Danish,Haas F1 Team,13,0
Chinese Grand Prix,3,2019-04-14,Shanghai International Circuit,Carlos Sainz,Spanish,McLaren,14,0
Chinese Grand Prix,3,2019-04-14,Shanghai International Circuit,Antonio Giovinazzi,Italian,Alfa Romeo,15,0
Chinese Grand Prix,3,2019-04-14,Shanghai International Circuit,George Russell,British,Williams,16,0
Chinese Grand Prix,3,2019-04-14,Shanghai International Circuit,Robert Kubica,Polish,Williams,17,0
Chinese Grand Prix,3,2019-04-14,Shanghai International Circuit,Lando Norris,British,McLaren,18,0
Chinese Grand Prix,3,2019-04-14,Shanghai International Circuit,Daniil Kvyat,Russian,Toro Rosso,19,0
Chinese Grand Prix,3,2019-04-14,Shanghai International Circuit,Nico Hülkenberg,German,Renault,20,0
Azerbaijan Grand Prix,4,2019-04-28,Baku City Circuit,Valtteri Bottas,Finnish,Mercedes,1,25
Azerbaijan Grand Prix,4,2019-04-28,Baku City Circuit,Lewis Hamilton,British,Mercedes,2,18
Azerbaijan Grand Prix,4,2019-04-28,Baku City Circuit,Sebastian Vettel,German,Ferrari,3,15
Azerbaijan Grand Prix,4,2019-04-28,Baku City Circuit,Max Verstappen,Dutch,Red Bull,4,12
Azerbaijan Grand Prix,4,2019-04-28,Baku City Circuit,Charles Leclerc,Monegasque,Ferrari,5,11
Azerbaijan Grand Prix,4,2019-04-28,Baku City Circuit,Sergio Pérez,Mexican,Racing Point,6,8
Azerbaijan Grand Prix,4,2019-04-28,Baku City Circuit,Carlos Sainz,Spanish,McLaren,7,6
Azerbaijan Grand Prix,4,2019-04-28,Baku City Circuit,Lando Norris,British,McLaren,8,4
Azerbaijan Grand Prix,4,2019-04-28,Baku City Circuit,Lance Stroll,Canadian,Racing Point,9,2
Azerbaijan Grand Prix,4,2019-04-28,Baku City Circuit,Kimi Räikkönen,Finnish,Alfa Romeo,10,1
Azerbaijan Grand Prix,4,2019-04-28,Baku City Circuit,Alexander Albon,Thai,Toro Rosso,11,0
Azerbaijan Grand Prix,4,2019-04-28,Baku City Circuit,Antonio Giovinazzi,Italian,Alfa Romeo,12,0
Azerbaijan Grand Prix,4,2019-04-28,Baku City Circuit,Kevin Magnussen,Danish,Haas F1 Team,13,0
Azerbaijan Grand Prix,4,2019-04-28,Baku City Circuit,Nico Hülkenberg,German,Renault,14,0
Azerbaijan Grand Prix,4,2019-04-28,Baku City Circuit,George Russell,British,Williams,15,0
Azerbaijan Grand Prix,4,2019-04-28,Baku City Circuit,Robert Kubica,Polish,Williams,16,0
Azerbaijan Grand Prix,4,2019-04-28,Baku City Circuit,Pierre Gasly,French,Red Bull,17,0
Azerbaijan Grand Prix,4,2019-04-28,Baku City Circuit,Romain Grosjean,French,Haas F1 Team,18,0
Azerbaijan Grand Prix,4,2019-04-28,Baku City Circuit,Daniil Kvyat,Russian,Toro Rosso,19,0
Azerbaijan Grand Prix,4,2019-04-28,Baku City Circuit,Daniel Ricciardo,Australian,Renault,20,0
Spanish Grand Prix,5,2019-05-12,Circuit de Barcelona-Catalunya,Lewis Hamilton,British,Mercedes,1,26
Spanish Grand Prix,5,2019-05-12,Circuit de Barcelona-Catalunya,Valtteri Bottas,Finnish,Mercedes,2,18
Spanish Grand Prix,5,2019-05-12,Circuit de Barcelona-Catalunya,Max Verstappen,Dutch,Red Bull,3,15
Spanish Grand Prix,5,2019-05-12,Circuit de Barcelona-Catalunya,Sebastian Vettel,German,Ferrari,4,12
Spanish Grand Prix,5,2019-05-12,Circuit de Barcelona-Catalunya,Charles Leclerc,Monegasque,Ferrari,5,10
Spanish Grand Prix,5,2019-05-12,Circuit de Barcelona-Catalunya,Pierre Gasly,French,Red Bull,6,8
Spanish Grand Prix,5,2019-05-12,Circuit de Barcelona-Catalunya,Kevin Magnussen,Danish,Haas F1 Team,7,6
Spanish Grand Prix,5,2019-05-12,Circuit de Barcelona-Catalunya,Carlos Sainz,Spanish,McLaren,8,4
Spanish Grand Prix,5,2019-05-12,Circuit de Barcelona-Catalunya,Daniil Kvyat,Russian,Toro Rosso,9,2
Spanish Grand Prix,5,2019-05-12,Circuit de Barcelona-Catalunya,Romain Grosjean,French,Haas F1 Team,10,1
Spanish Grand Prix,5,2019-05-12,Circuit de Barcelona-Catalunya,Alexander Albon,Thai,Toro Rosso,11,0
Spanish Grand Prix,5,2019-05-12,Circuit de Barcelona-Catalunya,Daniel Ricciardo,Australian,Renault,12,0
Spanish Grand Prix,5,2019-05-12,Circuit de Barcelona-Catalunya,Nico Hülkenberg,German,Renault,13,0
Spanish Grand Prix,5,2019-05-12,Circuit de Barcelona-Catalunya,Kimi Räikkönen,Finnish,Alfa Romeo,14,0
Spanish Grand Prix,5,2019-05-12,Circuit de Barcelona-Catalunya,Sergio Pérez,Mexican,Racing Point,15,0
Spanish Grand Prix,5,2019-05-12,Circuit de Barcelona-Catalunya,Antonio Giovinazzi,Italian,Alfa Romeo,16,0
Spanish Grand Prix,5,2019-05-12,Circuit de Barcelona-Catalunya,George Russell,British,Williams,17,0
Spanish Grand Prix,5,2019-05-12,Circuit de Barcelona-Catalunya,Robert Kubica,Polish,Williams,18,0
Spanish Grand Prix,5,2019-05-12,Circuit de Barcelona-Catalunya,Lance Stroll,Canadian,Racing Point,19,0
Spanish Grand Prix,5,2019-05-12,Circuit de Barcelona-Catalunya,Lando Norris,British,McLaren,20,0
Monaco Grand Prix,6,2019-05-26,Circuit de Monaco,Lewis Hamilton,British,Mercedes,1,25
Monaco Grand Prix,6,2019-05-26,Circuit de Monaco,Sebastian Vettel,German,Ferrari,2,18
Monaco Grand Prix,6,2019-05-26,Circuit de Monaco,Valtteri Bottas,Finnish,Mercedes,3,15
Monaco Grand Prix,6,2019-05-26,Circuit de Monaco,Max Verstappen,Dutch,Red Bull,4,12
Monaco Grand Prix,6,2019-05-26,Circuit de Monaco,Pierre Gasly,French,Red Bull,5,11
Monaco Grand Prix,6,2019-05-26,Circuit de Monaco,Carlos Sainz,Spanish,McLaren,6,8
Monaco Grand Prix,6,2019-05-26,Circuit de Monaco,Daniil Kvyat,Russian,Toro Rosso,7,6
Monaco Grand Prix,6,2019-05-26,Circuit de Monaco,Alexander Albon,Thai,Toro Rosso,8,4
Monaco Grand Prix,6,2019-05-26,Circuit de Monaco,Daniel Ricciardo,Australian,Renault,9,2
Monaco Grand Prix,6,2019-05-26,Circuit de Monaco,Romain Grosjean,French,Haas F1 Team,10,1
Monaco Grand Prix,6,2019-05-26,Circuit de Monaco,Lando Norris,British,McLaren,11,0
Monaco Grand Prix,6,2019-05-26,Circuit de Monaco,Sergio Pérez,Mexican,Racing Point,12,0
Monaco Grand Prix,6,2019-05-26,Circuit de Monaco,Nico Hülkenberg,German,Renault,13,0
Monaco Grand Prix,6,2019-05-26,Circuit de Monaco,Kevin Magnussen,Danish,Haas F1 Team,14,0
Monaco Grand Prix,6,2019-05-26,Circuit de Monaco,George Russell,British,Williams,15,0
Monaco Grand Prix,6,2019-05-26,Circuit de Monaco,Lance Stroll,Canadian,Racing Point,16,0
Monaco Grand Prix,6,2019-05-26,Circuit de Monaco,Kimi Räikkönen,Finnish,Alfa Romeo,17,0
Monaco Grand Prix,6,2019-05-26,Circuit de Monaco,Robert Kubica,Polish,Williams,18,0
Monaco Grand Prix,6,2019-05-26,Circuit de Monaco,Antonio Giovinazzi,Italian,Alfa Romeo,19,0
Monaco Grand Prix,6,2019-05-26,Circuit de Monaco,Charles Leclerc,Monegasque,Ferrari,20,0
Canadian Grand Prix,7,2019-06-09,Circuit Gilles Villeneuve,Lewis Hamilton,British,Mercedes,1,25
Canadian Grand Prix,7,2019-06-09,Circuit Gilles Villeneuve,Sebastian Vettel,German,Ferrari,2,18
Canadian Grand Prix,7,2019-06-09,Circuit Gilles Villeneuve,Charles Leclerc,Monegasque,Ferrari,3,15
Canadian Grand Prix,7,2019-06-09,Circuit Gilles Villeneuve,Valtteri Bottas,Finnish,Mercedes,4,13
Canadian Grand Prix,7,2019-06-09,Circuit Gilles Villeneuve,Max Verstappen,Dutch,Red Bull,5,10
Canadian Grand Prix,7,2019-06-09,Circuit Gilles Villeneuve,Daniel Ricciardo,Australian,Renault,6,8
Canadian Grand Prix,7,2019-06-09,Circuit Gilles Villeneuve,Nico Hülkenberg,German,Renault,7,6
Canadian Grand Prix,7,2019-06-09,Circuit Gilles Villeneuve,Pierre Gasly,French,Red Bull,8,4
Canadian Grand Prix,7,2019-06-09,Circuit Gilles Villeneuve,Lance Stroll,Canadian,Racing Point,9,2
Canadian Grand Prix,7,2019-06-09,Circuit Gilles Villeneuve,Daniil Kvyat,Russian,Toro Rosso,10,1
Canadian Grand Prix,7,2019-06-09,Circuit Gilles Villeneuve,Carlos Sainz,Spanish,McLaren,11,0
Canadian Grand Prix,7,2019-06-09,Circuit Gilles Villeneuve,Sergio Pérez,Mexican,Racing Point,12,0
Canadian Grand Prix,7,2019-06-09,Circuit Gilles Villeneuve,Antonio Giovinazzi,Italian,Alfa Romeo,13,0
Canadian Grand Prix,7,2019-06-09,Circuit Gilles Villeneuve,Romain Grosjean,French,Haas F1 Team,14,0
Canadian Grand Prix,7,2019-06-09,Circuit Gilles Villeneuve,Kimi Räikkönen,Finnish,Alfa Romeo,15,0
Canadian Grand Prix,7,2019-06-09,Circuit Gilles Villeneuve,George Russell,British,Williams,16,0
Canadian Grand Prix,7,2019-06-09,Circuit Gilles Villeneuve,Kevin Magnussen,Danish,Haas F1 Team,17,0
Canadian Grand Prix,7,2019-06-09,Circuit Gilles Villeneuve,Robert Kubica,Polish,Williams,18,0
Canadian Grand Prix,7,2019-06-09,Circuit Gilles Villeneuve,Alexander Albon,Thai,Toro Rosso,19,0
Canadian Grand Prix,7,2019-06-09,Circuit Gilles Villeneuve,Lando Norris,British,McLaren,20,0
French Grand Prix,8,2019-06-23,Circuit Paul Ricard,Lewis Hamilton,British,Mercedes,1,25
French Grand Prix,8,2019-06-23,Circuit Paul Ricard,Valtteri Bottas,Finnish,Mercedes,2,18
French Grand Prix,8,2019-06-23,Circuit Paul Ricard,Charles Leclerc,Monegasque,Ferrari,3,15
French Grand Prix,8,2019-06-23,Circuit Paul Ricard,Max Verstappen,Dutch,Red Bull,4,12
French Grand Prix,8,2019-06-23,Circuit Paul Ricard,Sebastian Vettel,German,Ferrari,5,11
French Grand Prix,8,2019-06-23,Circuit Paul Ricard,Carlos Sainz,Spanish,McLaren,6,8
French Grand Prix,8,2019-06-23,Circuit Paul Ricard,Kimi Räikkönen,Finnish,Alfa Romeo,7,6
French Grand Prix,8,2019-06-23,Circuit Paul Ricard,Nico Hülkenberg,German,Renault,8,4
French Grand Prix,8,2019-06-23,Circuit Paul Ricard,Lando Norris,British,McLaren,9,2
French Grand Prix,8,2019-06-23,Circuit Paul Ricard,Pierre Gasly,French,Red Bull,10,1
French Grand Prix,8,2019-06-23,Circuit Paul Ricard,Daniel Ricciardo,Australian,Renault,11,0
French Grand Prix,8,2019-06-23,Circuit Paul Ricard,Sergio Pérez,Mexican,Racing Point,12,0
French Grand Prix,8,2019-06-23,Circuit Paul Ricard,Lance Stroll,Canadian,Racing Point,13,0
French Grand Prix,8,2019-06-23,Circuit Paul Ricard,Daniil Kvyat,Russian,Toro Rosso,14,0
French Grand Prix,8,2019-06-23,Circuit Paul Ricard,Alexander Albon,Thai,Toro Rosso,15,0
French Grand Prix,8,2019-06-23,Circuit Paul Ricard,Antonio Giovinazzi,Italian,Alfa Romeo,16,0
French Grand Prix,8,2019-06-23,Circuit Paul Ricard,Kevin Magnussen,Danish,Haas F1 Team,17,0
French Grand Prix,8,2019-06-23,Circuit Paul Ricard,Robert Kubica,Polish,Williams,18,0
French Grand Prix,8,2019-06-23,Circuit Paul Ricard,George Russell,British,Williams,19,0
French Grand Prix,8,2019-06-23,Circuit Paul Ricard,Romain Grosjean,French,Haas F1 Team,20,0
Austrian Grand Prix,9,2019-06-30,Red Bull Ring,Max Verstappen,Dutch,Red Bull,1,26
Austrian Grand Prix,9,2019-06-30,Red Bull Ring,Charles Leclerc,Monegasque,Ferrari,2,18
Austrian Grand Prix,9,2019-06-30,Red Bull Ring,Valtteri Bottas,Finnish,Mercedes,3,15
Austrian Grand Prix,9,2019-06-30,Red Bull Ring,Sebastian Vettel,German,Ferrari,4,12
Austrian Grand Prix,9,2019-06-30,Red Bull Ring,Lewis Hamilton,British,Mercedes,5,10
Austrian Grand Prix,9,2019-06-30,Red Bull Ring,Lando Norris,British,McLaren,6,8
Austrian Grand Prix,9,2019-06-30,Red Bull Ring,Pierre Gasly,French,Red Bull,7,6
Austrian Grand Prix,9,2019-06-30,Red Bull Ring,Carlos Sainz,Spanish,McLaren,8,4
Austrian Grand Prix,9,2019-06-30,Red Bull Ring,Kimi Räikkönen,Finnish,Alfa Romeo,9,2
Austrian Grand Prix,9,2019-06-30,Red Bull Ring,Antonio Giovinazzi,Italian,Alfa Romeo,10,1
Austrian Grand Prix,9,2019-06-30,Red Bull Ring,Sergio Pérez,Mexican,Racing Point,11,0
Austrian Grand Prix,9,2019-06-30,Red Bull Ring,Daniel Ricciardo,Australian,Renault,12,0
Austrian Grand Prix,9,2019-06-30,Red Bull Ring,Nico Hülkenberg,German,Renault,13,0
Austrian Grand Prix,9,2019-06-30,Red Bull Ring,Lance Stroll,Canadian,Racing Point,14,0
Austrian Grand Prix,9,2019-06-30,Red Bull Ring,Alexander Albon,Thai,Toro Rosso,15,0
Austrian Grand Prix,9,2019-06-30,Red Bull Ring,Romain Grosjean,French,Haas F1 Team,16,0
Austrian Grand Prix,9,2019-06-30,Red Bull Ring,Daniil Kvyat,Russian,Toro Rosso,17,0
Austrian Grand Prix,9,2019-06-30,Red Bull Ring,George Russell,British,Williams,18,0
Austrian Grand Prix,9,2019-06-30,Red Bull Ring,Kevin Magnussen,Danish,Haas F1 Team,19,0
Austrian Grand Prix,9,2019-06-30,Red Bull Ring,Robert Kubica,Polish,Williams,20,0
British Grand Prix,10,2019-07-14,Silverstone Circuit,Lewis Hamilton,British,Mercedes,1,26
British Grand Prix,10,2019-07-14,Silverstone Circuit,Valtteri Bottas,Finnish,Mercedes,2,18
British Grand Prix,10,2019-07-14,Silverstone Circuit,Charles Leclerc,Monegasque,Ferrari,3,15
British Grand Prix,10,2019-07-14,Silverstone Circuit,Pierre Gasly,French,Red Bull,4,12
British Grand Prix,10,2019-07-14,Silverstone Circuit,Max Verstappen,Dutch,Red Bull,5,10
British Grand Prix,10,2019-07-14,Silverstone Circuit,Carlos Sainz,Spanish,McLaren,6,8
British Grand Prix,10,2019-07-14,Silverstone Circuit,Daniel Ricciardo,Australian,Renault,7,6
British Grand Prix,10,2019-07-14,Silverstone Circuit,Kimi Räikkönen,Finnish,Alfa Romeo,8,4
British Grand Prix,10,2019-07-14,Silverstone Circuit,Daniil Kvyat,Russian,Toro Rosso,9,2
British Grand Prix,10,2019-07-14,Silverstone Circuit,Nico Hülkenberg,German,Renault,10,1
British Grand Prix,10,2019-07-14,Silverstone Circuit,Lando Norris,British,McLaren,11,0
British Grand Prix,10,2019-07-14,Silverstone Circuit,Alexander Albon,Thai,Toro Rosso,12,0
British Grand Prix,10,2019-07-14,Silverstone Circuit,Lance Stroll,Canadian,Racing Point,13,0
British Grand Prix,10,2019-07-14,Silverstone Circuit,George Russell,British,Williams,14,0
British Grand Prix,10,2019-07-14,Silverstone Circuit,Robert Kubica,Polish,Williams,15,0
British Grand Prix,10,2019-07-14,Silverstone Circuit,Sebastian Vettel,German,Ferrari,16,0
British Grand Prix,10,2019-07-14,Silverstone Circuit,Sergio Pérez,Mexican,Racing Point,17,0
British Grand Prix,10,2019-07-14,Silverstone Circuit,Antonio Giovinazzi,Italian,Alfa Romeo,18,0
British Grand Prix,10,2019-07-14,Silverstone Circuit,Romain Grosjean,French,Haas F1 Team,19,0
British Grand Prix,10,2019-07-14,Silverstone Circuit,Kevin Magnussen,Danish,Haas F1 Team,20,0
German Grand Prix,11,2019-07-28,Hockenheimring,Max Verstappen,Dutch,Red Bull,1,26
German Grand Prix,11,2019-07-28,Hockenheimring,Sebastian Vettel,German,Ferrari,2,18
German Grand Prix,11,2019-07-28,Hockenheimring,Daniil Kvyat,Russian,Toro Rosso,3,15
German Grand Prix,11,2019-07-28,Hockenheimring,Lance Stroll,Canadian,Racing Point,4,12
German Grand Prix,11,2019-07-28,Hockenheimring,Carlos Sainz,Spanish,McLaren,5,10
German Grand Prix,11,2019-07-28,Hockenheimring,Alexander Albon,Thai,Toro Rosso,6,8
German Grand Prix,11,2019-07-28,Hockenheimring,Romain Grosjean,French,Haas F1 Team,7,6
German Grand Prix,11,2019-07-28,Hockenheimring,Kevin Magnussen,Danish,Haas F1 Team,8,4
German Grand Prix,11,2019-07-28,Hockenheimring,Lewis Hamilton,British,Mercedes,9,2
German Grand Prix,11,2019-07-28,Hockenheimring,Robert Kubica,Polish,Williams,10,1
German Grand Prix,11,2019-07-28,Hockenheimring,George Russell,British,Williams,11,0
German Grand Prix,11,2019-07-28,Hockenheimring,Kimi Räikkönen,Finnish,Alfa Romeo,12,0
German Grand Prix,11,2019-07-28,Hockenheimring,Antonio Giovinazzi,Italian,Alfa Romeo,13,0
German Grand Prix,11,2019-07-28,Hockenheimring,Pierre Gasly,French,Red Bull,14,0
German Grand Prix,11,2019-07-28,Hockenheimring,Valtteri Bottas,Finnish,Mercedes,15,0
German Grand Prix,11,2019-07-28,Hockenheimring,Nico Hülkenberg,German,Renault,16,0
German Grand Prix,11,2019-07-28,Hockenheimring,Charles Leclerc,Monegasque,Ferrari,17,0
German Grand Prix,11,2019-07-28,Hockenheimring,Lando Norris,British,McLaren,18,0
German Grand Prix,11,2019-07-28,Hockenheimring,Daniel Ricciardo,Australian,Renault,19,0
German Grand Prix,11,2019-07-28,Hockenheimring,Sergio Pérez,Mexican,Racing Point,20,0
Hungarian Grand Prix,12,2019-08-04,Hungaroring,Lewis Hamilton,British,Mercedes,1,25
Hungarian Grand Prix,12,2019-08-04,Hungaroring,Max Verstappen,Dutch,Red Bull,2,19
Hungarian Grand Prix,12,2019-08-04,Hungaroring,Sebastian Vettel,German,Ferrari,3,15
Hungarian Grand Prix,12,2019-08-04,Hungaroring,Charles Leclerc,Monegasque,Ferrari,4,12
Hungarian Grand Prix,12,2019-08-04,Hungaroring,Carlos Sainz,Spanish,McLaren,5,10
Hungarian Grand Prix,12,2019-08-04,Hungaroring,Pierre Gasly,French,Red Bull,6,8
Hungarian Grand Prix,12,2019-08-04,Hungaroring,Kimi Räikkönen,Finnish,Alfa Romeo,7,6
Hungarian Grand Prix,12,2019-08-04,Hungaroring,Valtteri Bottas,Finnish,Mercedes,8,4
Hungarian Grand Prix,12,2019-08-04,Hungaroring,Lando Norris,British,McLaren,9,2
Hungarian Grand Prix,12,2019-08-04,Hungaroring,Alexander Albon,Thai,Toro Rosso,10,1
Hungarian Grand Prix,12,2019-08-04,Hungaroring,Sergio Pérez,Mexican,Racing Point,11,0
Hungarian Grand Prix,12,2019-08-04,Hungaroring,Nico Hülkenberg,German,Renault,12,0
Hungarian Grand Prix,12,2019-08-04,Hungaroring,Kevin Magnussen,Danish,Haas F1 Team,13,0
Hungarian Grand Prix,12,2019-08-04,Hungaroring,Daniel Ricciardo,Australian,Renault,14,0
Hungarian Grand Prix,12,2019-08-04,Hungaroring,Daniil Kvyat,Russian,Toro Rosso,15,0
Hungarian Grand Prix,12,2019-08-04,Hungaroring,George Russell,British,Williams,16,0
Hungarian Grand Prix,12,2019-08-04,Hungaroring,Lance Stroll,Canadian,Racing Point,17,0
Hungarian Grand Prix,12,2019-08-04,Hungaroring,Antonio Giovinazzi,Italian,Alfa Romeo,18,0
Hungarian Grand Prix,12,2019-08-04,Hungaroring,Robert Kubica,Polish,Williams,19,0
Hungarian Grand Prix,12,2019-08-04,Hungaroring,Romain Grosjean,French,Haas F1 Team,20,0
Belgian Grand Prix,13,2019-09-01,Circuit de Spa-Francorchamps,Charles Leclerc,Monegasque,Ferrari,1,25
Belgian Grand Prix,13,2019-09-01,Circuit de Spa-Francorchamps,Lewis Hamilton,British,Mercedes,2,18
Belgian Grand Prix,13,2019-09-01,Circuit de Spa-Francorchamps,Valtteri Bottas,Finnish,Mercedes,3,15
Belgian Grand Prix,13,2019-09-01,Circuit de Spa-Francorchamps,Sebastian Vettel,German,Ferrari,4,13
Belgian Grand Prix,13,2019-09-01,Circuit de Spa-Francorchamps,Alexander Albon,Thai,Red Bull,5,10
Belgian Grand Prix,13,2019-09-01,Circuit de Spa-Francorchamps,Sergio Pérez,Mexican,Racing Point,6,8
Belgian Grand Prix,13,2019-09-01,Circuit de Spa-Francorchamps,Daniil Kvyat,Russian,Toro Rosso,7,6
Belgian Grand Prix,13,2019-09-01,Circuit de Spa-Francorchamps,Nico Hülkenberg,German,Renault,8,4
Belgian Grand Prix,13,2019-09-01,Circuit de Spa-Francorchamps,Pierre Gasly,French,Toro Rosso,9,2
Belgian Grand Prix,13,2019-09-01,Circuit de Spa-Francorchamps,Lance Stroll,Canadian,Racing Point,10,1
Belgian Grand Prix,13,2019-09-01,Circuit de Spa-Francorchamps,Lando Norris,British,McLaren,11,0
Belgian Grand Prix,13,2019-09-01,Circuit de Spa-Francorchamps,Kevin Magnussen,Danish,Haas F1 Team,12,0
Belgian Grand Prix,13,2019-09-01,Circuit de Spa-Francorchamps,Romain Grosjean,French,Haas F1 Team,13,0
Belgian Grand Prix,13,2019-09-01,Circuit de Spa-Francorchamps,Daniel Ricciardo,Australian,Renault,14,0
Belgian Grand Prix,13,2019-09-01,Circuit de Spa-Francorchamps,George Russell,British,Williams,15,0
Belgian Grand Prix,13,2019-09-01,Circuit de Spa-Francorchamps,Kimi Räikkönen,Finnish,Alfa Romeo,16,0
Belgian Grand Prix,13,2019-09-01,Circuit de Spa-Francorchamps,Robert Kubica,Polish,Williams,17,0
Belgian Grand Prix,13,2019-09-01,Circuit de Spa-Francorchamps,Antonio Giovinazzi,Italian,Alfa Romeo,18,0
Belgian Grand Prix,13,2019-09-01,Circuit de Spa-Francorchamps,Carlos Sainz,Spanish,McLaren,19,0
Belgian Grand Prix,13,2019-09-01,Circuit de Spa-Francorchamps,Max Verstappen,Dutch,Red Bull,20,0
Italian Grand Prix,14,2019-09-08,Autodromo Nazionale di Monza,Charles Leclerc,Monegasque,Ferrari,1,25
Italian Grand Prix,14,2019-09-08,Autodromo Nazionale di Monza,Valtteri Bottas,Finnish,Mercedes,2,18
Italian Grand Prix,14,2019-09-08,Autodromo Nazionale di Monza,Lewis Hamilton,British,Mercedes,3,16
Italian Grand Prix,14,2019-09-08,Autodromo Nazionale di Monza,Daniel Ricciardo,Australian,Renault,4,12
Italian Grand Prix,14,2019-09-08,Autodromo Nazionale di Monza,Nico Hülkenberg,German,Renault,5,10
Italian Grand Prix,14,2019-09-08,Autodromo Nazionale di Monza,Alexander Albon,Thai,Red Bull,6,8
Italian Grand Prix,14,2019-09-08,Autodromo Nazionale di Monza,Sergio Pérez,Mexican,Racing Point,7,6
Italian Grand Prix,14,2019-09-08,Autodromo Nazionale di Monza,Max Verstappen,Dutch,Red Bull,8,4
Italian Grand Prix,14,2019-09-08,Autodromo Nazionale di Monza,Antonio Giovinazzi,Italian,Alfa Romeo,9,2
Italian Grand Prix,14,2019-09-08,Autodromo Nazionale di Monza,Lando Norris,British,McLaren,10,1
Italian Grand Prix,14,2019-09-08,Autodromo Nazionale di Monza,Pierre Gasly,French,Toro Rosso,11,0
Italian Grand Prix,14,2019-09-08,Autodromo Nazionale di Monza,Lance Stroll,Canadian,Racing Point,12,0
Italian Grand Prix,14,2019-09-08,Autodromo Nazionale di Monza,Sebastian Vettel,German,Ferrari,13,0
Italian Grand Prix,14,2019-09-08,Autodromo Nazionale di Monza,George Russell,British,Williams,14,0
Italian Grand Prix,14,2019-09-08,Autodromo Nazionale di Monza,Kimi Räikkönen,Finnish,Alfa Romeo,15,0
Italian Grand Prix,14,2019-09-08,Autodromo Nazionale di Monza,Romain Grosjean,French,Haas F1 Team,16,0
Italian Grand Prix,14,2019-09-08,Autodromo Nazionale di Monza,Robert Kubica,Polish,Williams,17,0
Italian Grand Prix,14,2019-09-08,Autodromo Nazionale di Monza,Kevin Magnussen,Danish,Haas F1 Team,18,0
Italian Grand Prix,14,2019-09-08,Autodromo Nazionale di Monza,Daniil Kvyat,Russian,Toro Rosso,19,0
Italian Grand Prix,14,2019-09-08,Autodromo Nazionale di Monza,Carlos Sainz,Spanish,McLaren,20,0
Singapore Grand Prix,15,2019-09-22,Marina Bay Street Circuit,Sebastian Vettel,German,Ferrari,1,25
Singapore Grand Prix,15,2019-09-22,Marina Bay Street Circuit,Charles Leclerc,Monegasque,Ferrari,2,18
Singapore Grand Prix,15,2019-09-22,Marina Bay Street Circuit,Max Verstappen,Dutch,Red Bull,3,15
Singapore Grand Prix,15,2019-09-22,Marina Bay Street Circuit,Lewis Hamilton,British,Mercedes,4,12
Singapore Grand Prix,15,2019-09-22,Marina Bay Street Circuit,Valtteri Bottas,Finnish,Mercedes,5,10
Singapore Grand Prix,15,2019-09-22,Marina Bay Street Circuit,Alexander Albon,Thai,Red Bull,6,8
Singapore Grand Prix,15,2019-09-22,Marina Bay Street Circuit,Lando Norris,British,McLaren,7,6
Singapore Grand Prix,15,2019-09-22,Marina Bay Street Circuit,Pierre Gasly,French,Toro Rosso,8,4
Singapore Grand Prix,15,2019-09-22,Marina Bay Street Circuit,Nico Hülkenberg,German,Renault,9,2
Singapore Grand Prix,15,2019-09-22,Marina Bay Street Circuit,Antonio Giovinazzi,Italian,Alfa Romeo,10,1
Singapore Grand Prix,15,2019-09-22,Marina Bay Street Circuit,Romain Grosjean,French,Haas F1 Team,11,0
Singapore Grand Prix,15,2019-09-22,Marina Bay Street Circuit,Carlos Sainz,Spanish,McLaren,12,0
Singapore Grand Prix,15,2019-09-22,Marina Bay Street Circuit,Lance Stroll,Canadian,Racing Point,13,0
Singapore Grand Prix,15,2019-09-22,Marina Bay Street Circuit,Daniel Ricciardo,Australian,Renault,14,0
Singapore Grand Prix,15,2019-09-22,Marina Bay Street Circuit,Daniil Kvyat,Russian,Toro Rosso,15,0
Singapore Grand Prix,15,2019-09-22,Marina Bay Street Circuit,Robert Kubica,Polish,Williams,16,0
Singapore Grand Prix,15,2019-09-22,Marina Bay Street Circuit,Kevin Magnussen,Danish,Haas F1 Team,17,0
Singapore Grand Prix,15,2019-09-22,Marina Bay Street Circuit,Kimi Räikkönen,Finnish,Alfa Romeo,18,0
Singapore Grand Prix,15,2019-09-22,Marina Bay Street Circuit,Sergio Pérez,Mexican,Racing Point,19,0
Singapore Grand Prix,15,2019-09-22,Marina Bay Street Circuit,George Russell,British,Williams,20,0
Russian Grand Prix,16,2019-09-29,Sochi Autodrom,Lewis Hamilton,British,Mercedes,1,26
Russian Grand Prix,16,2019-09-29,Sochi Autodrom,Valtteri Bottas,Finnish,Mercedes,2,18
Russian Grand Prix,16,2019-09-29,Sochi Autodrom,Charles Leclerc,Monegasque,Ferrari,3,15
Russian Grand Prix,16,2019-09-29,Sochi Autodrom,Max Verstappen,Dutch,Red Bull,4,12
Russian Grand Prix,16,2019-09-29,Sochi Autodrom,Alexander Albon,Thai,Red Bull,5,10
Russian Grand Prix,16,2019-09-29,Sochi Autodrom,Carlos Sainz,Spanish,McLaren,6,8
Russian Grand Prix,16,2019-09-29,Sochi Autodrom,Sergio Pérez,Mexican,Racing Point,7,6
Russian Grand Prix,16,2019-09-29,Sochi Autodrom,Lando Norris,British,McLaren,8,4
Russian Grand Prix,16,2019-09-29,Sochi Autodrom,Kevin Magnussen,Danish,Haas F1 Team,9,2
Russian Grand Prix,16,2019-09-29,Sochi Autodrom,Nico Hülkenberg,German,Renault,10,1
Russian Grand Prix,16,2019-09-29,Sochi Autodrom,Lance Stroll,Canadian,Racing Point,11,0
Russian Grand Prix,16,2019-09-29,Sochi Autodrom,Daniil Kvyat,Russian,Toro Rosso,12,0
Russian Grand Prix,16,2019-09-29,Sochi Autodrom,Kimi Räikkönen,Finnish,Alfa Romeo,13,0
Russian Grand Prix,16,2019-09-29,Sochi Autodrom,Pierre Gasly,French,Toro Rosso,14,0
Russian Grand Prix,16,2019-09-29,Sochi Autodrom,Antonio Giovinazzi,Italian,Alfa Romeo,15,0
Russian Grand Prix,16,2019-09-29,Sochi Autodrom,Robert Kubica,Polish,Williams,16,0
Russian Grand Prix,16,2019-09-29,Sochi Autodrom,George Russell,British,Williams,17,0
Russian Grand Prix,16,2019-09-29,Sochi Autodrom,Sebastian Vettel,German,Ferrari,18,0
Russian Grand Prix,16,2019-09-29,Sochi Autodrom,Daniel Ricciardo,Australian,Renault,19,0
Russian Grand Prix,16,2019-09-29,Sochi Autodrom,Romain Grosjean,French,Haas F1 Team,20,0
Japanese Grand Prix,17,2019-10-13,Suzuka Circuit,Valtteri Bottas,Finnish,Mercedes,1,25
Japanese Grand Prix,17,2019-10-13,Suzuka Circuit,Sebastian Vettel,German,Ferrari,2,18
Japanese Grand Prix,17,2019-10-13,Suzuka Circuit,Lewis Hamilton,British,Mercedes,3,16
Japanese Grand Prix,17,2019-10-13,Suzuka Circuit,Alexander Albon,Thai,Red Bull,4,12
Japanese Grand Prix,17,2019-10-13,Suzuka Circuit,Carlos Sainz,Spanish,McLaren,5,10
Japanese Grand Prix,17,2019-10-13,Suzuka Circuit,Charles Leclerc,Monegasque,Ferrari,6,8
Japanese Grand Prix,17,2019-10-13,Suzuka Circuit,Pierre Gasly,French,Toro Rosso,7,6
Japanese Grand Prix,17,2019-10-13,Suzuka Circuit,Sergio Pérez,Mexican,Racing Point,8,4
Japanese Grand Prix,17,2019-10-13,Suzuka Circuit,Lance Stroll,Canadian,Racing Point,9,2
Japanese Grand Prix,17,2019-10-13,Suzuka Circuit,Daniil Kvyat,Russian,Toro Rosso,10,1
Japanese Grand Prix,17,2019-10-13,Suzuka Circuit,Lando Norris,British,McLaren,11,0
Japanese Grand Prix,17,2019-10-13,Suzuka Circuit,Kimi Räikkönen,Finnish,Alfa Romeo,12,0
Japanese Grand Prix,17,2019-10-13,Suzuka Circuit,Romain Grosjean,French,Haas F1 Team,13,0
Japanese Grand Prix,17,2019-10-13,Suzuka Circuit,Antonio Giovinazzi,Italian,Alfa Romeo,14,0
Japanese Grand Prix,17,2019-10-13,Suzuka Circuit,Kevin Magnussen,Danish,Haas F1 Team,15,0
Japanese Grand Prix,17,2019-10-13,Suzuka Circuit,George Russell,British,Williams,16,0
Japanese Grand Prix,17,2019-10-13,Suzuka Circuit,Robert Kubica,Polish,Williams,17,0
Japanese Grand Prix,17,2019-10-13,Suzuka Circuit,Max Verstappen,Dutch,Red Bull,18,0
Japanese Grand Prix,17,2019-10-13,Suzuka Circuit,Daniel Ricciardo,Australian,Renault,19,0
Japanese Grand Prix,17,2019-10-13,Suzuka Circuit,Nico Hülkenberg,German,Renault,20,0
Mexican Grand Prix,18,2019-10-27,Autódromo Hermanos Rodríguez,Lewis Hamilton,British,Mercedes,1,25
Mexican Grand Prix,18,2019-10-27,Autódromo Hermanos Rodríguez,Sebastian Vettel,German,Ferrari,2,18
Mexican Grand Prix,18,2019-10-27,Autódromo Hermanos Rodríguez,Valtteri Bottas,Finnish,Mercedes,3,15
Mexican Grand Prix,18,2019-10-27,Autódromo Hermanos Rodríguez,Charles Leclerc,Monegasque,Ferrari,4,13
Mexican Grand Prix,18,2019-10-27,Autódromo Hermanos Rodríguez,Alexander Albon,Thai,Red Bull,5,10
Mexican Grand Prix,18,2019-10-27,Autódromo Hermanos Rodríguez,Max Verstappen,Dutch,Red Bull,6,8
Mexican Grand Prix,18,2019-10-27,Autódromo Hermanos Rodríguez,Sergio Pérez,Mexican,Racing Point,7,6
Mexican Grand Prix,18,2019-10-27,Autódromo Hermanos Rodríguez,Daniel Ricciardo,Australian,Renault,8,4
Mexican Grand Prix,18,2019-10-27,Autódromo Hermanos Rodríguez,Pierre Gasly,French,Toro Rosso,9,2
Mexican Grand Prix,18,2019-10-27,Autódromo Hermanos Rodríguez,Nico Hülkenberg,German,Renault,10,1
Mexican Grand Prix,18,2019-10-27,Autódromo Hermanos Rodríguez,Daniil Kvyat,Russian,Toro Rosso,11,0
Mexican Grand Prix,18,2019-10-27,Autódromo Hermanos Rodríguez,Lance Stroll,Canadian,Racing Point,12,0
Mexican Grand Prix,18,2019-10-27,Autódromo Hermanos Rodríguez,Carlos Sainz,Spanish,McLaren,13,0
Mexican Grand Prix,18,2019-10-27,Autódromo Hermanos Rodríguez,Antonio Giovinazzi,Italian,Alfa Romeo,14,0
Mexican Grand Prix,18,2019-10-27,Autódromo Hermanos Rodríguez,Kevin Magnussen,Danish,Haas F1 Team,15,0
Mexican Grand Prix,18,2019-10-27,Autódromo Hermanos Rodríguez,George Russell,British,Williams,16,0
Mexican Grand Prix,18,2019-10-27,Autódromo Hermanos Rodríguez,Romain Grosjean,French,Haas F1 Team,17,0
Mexican Grand Prix,18,2019-10-27,Autódromo Hermanos Rodríguez,Robert Kubica,Polish,Williams,18,0
Mexican Grand Prix,18,2019-10-27,Autódromo Hermanos Rodríguez,Kimi Räikkönen,Finnish,Alfa Romeo,19,0
Mexican Grand Prix,18,2019-10-27,Autódromo Hermanos Rodríguez,Lando Norris,British,McLaren,20,0
United States Grand Prix,19,2019-11-03,Circuit of the Americas,Valtteri Bottas,Finnish,Mercedes,1,25
United States Grand Prix,19,2019-11-03,Circuit of the Americas,Lewis Hamilton,British,Mercedes,2,18
United States Grand Prix,19,2019-11-03,Circuit of the Americas,Max Verstappen,Dutch,Red Bull,3,15
United States Grand Prix,19,2019-11-03,Circuit of the Americas,Charles Leclerc,Monegasque,Ferrari,4,13
United States Grand Prix,19,2019-11-03,Circuit of the Americas,Alexander Albon,Thai,Red Bull,5,10
United States Grand Prix,19,2019-11-03,Circuit of the Americas,Daniel Ricciardo,Australian,Renault,6,8
United States Grand Prix,19,2019-11-03,Circuit of the Americas,Lando Norris,British,McLaren,7,6
United States Grand Prix,19,2019-11-03,Circuit of the Americas,Carlos Sainz,Spanish,McLaren,8,4
United States Grand Prix,19,2019-11-03,Circuit of the Americas,Nico Hülkenberg,German,Renault,9,2
United States Grand Prix,19,2019-11-03,Circuit of the Americas,Sergio Pérez,Mexican,Racing Point,10,1
United States Grand Prix,19,2019-11-03,Circuit of the Americas,Kimi Räikkönen,Finnish,Alfa Romeo,11,0
United States Grand Prix,19,2019-11-03,Circuit of the Americas,Daniil Kvyat,Russian,Toro Rosso,12,0
United States Grand Prix,19,2019-11-03,Circuit of the Americas,Lance Stroll,Canadian,Racing Point,13,0
United States Grand Prix,19,2019-11-03,Circuit of the Americas,Antonio Giovinazzi,Italian,Alfa Romeo,14,0
United States Grand Prix,19,2019-11-03,Circuit of the Americas,Romain Grosjean,French,Haas F1 Team,15,0
United States Grand Prix,19,2019-11-03,Circuit of the Americas,Pierre Gasly,French,Toro Rosso,16,0
United States Grand Prix,19,2019-11-03,Circuit of the Americas,George Russell,British,Williams,17,0
United States Grand Prix,19,2019-11-03,Circuit of the Americas,Kevin Magnussen,Danish,Haas F1 Team,18,0
United States Grand Prix,19,2019-11-03,Circuit of the Americas,Robert Kubica,Polish,Williams,19,0
United States Grand Prix,19,2019-11-03,Circuit of the Americas,Sebastian Vettel,German,Ferrari,20,0
Brazilian Grand Prix,20,2019-11-17,Autódromo José Carlos Pace,Max Verstappen,Dutch,Red Bull,1,25
Brazilian Grand Prix,20,2019-11-17,Autódromo José Carlos Pace,Pierre Gasly,French,Toro Rosso,2,18
Brazilian Grand Prix,20,2019-11-17,Autódromo José Carlos Pace,Carlos Sainz,Spanish,McLaren,3,15
Brazilian Grand Prix,20,2019-11-17,Autódromo José Carlos Pace,Kimi Räikkönen,Finnish,Alfa Romeo,4,12
Brazilian Grand Prix,20,2019-11-17,Autódromo José Carlos Pace,Antonio Giovinazzi,Italian,Alfa Romeo,5,10
Brazilian Grand Prix,20,2019-11-17,Autódromo José Carlos Pace,Daniel Ricciardo,Australian,Renault,6,8
Brazilian Grand Prix,20,2019-11-17,Autódromo José Carlos Pace,Lewis Hamilton,British,Mercedes,7,6
Brazilian Grand Prix,20,2019-11-17,Autódromo José Carlos Pace,Lando Norris,British,McLaren,8,4
Brazilian Grand Prix,20,2019-11-17,Autódromo José Carlos Pace,Sergio Pérez,Mexican,Racing Point,9,2
Brazilian Grand Prix,20,2019-11-17,Autódromo José Carlos Pace,Daniil Kvyat,Russian,Toro Rosso,10,1
Brazilian Grand Prix,20,2019-11-17,Autódromo José Carlos Pace,Kevin Magnussen,Danish,Haas F1 Team,11,0
Brazilian Grand Prix,20,2019-11-17,Autódromo José Carlos Pace,George Russell,British,Williams,12,0
Brazilian Grand Prix,20,2019-11-17,Autódromo José Carlos Pace,Romain Grosjean,French,Haas F1 Team,13,0
Brazilian Grand Prix,20,2019-11-17,Autódromo José Carlos Pace,Alexander Albon,Thai,Red Bull,14,0
Brazilian Grand Prix,20,2019-11-17,Autódromo José Carlos Pace,Nico Hülkenberg,German,Renault,15,0
Brazilian Grand Prix,20,2019-11-17,Autódromo José Carlos Pace,Robert Kubica,Polish,Williams,16,0
Brazilian Grand Prix,20,2019-11-17,Autódromo José Carlos Pace,Sebastian Vettel,German,Ferrari,17,0
Brazilian Grand Prix,20,2019-11-17,Autódromo José Carlos Pace,Charles Leclerc,Monegasque,Ferrari,18,0
Brazilian Grand Prix,20,2019-11-17,Autódromo José Carlos Pace,Lance Stroll,Canadian,Racing Point,19,0
Brazilian Grand Prix,20,2019-11-17,Autódromo José Carlos Pace,Valtteri Bottas,Finnish,Mercedes,20,0
Abu Dhabi Grand Prix,21,2019-12-01,Yas Marina Circuit,Lewis Hamilton,British,Mercedes,1,26
Abu Dhabi Grand Prix,21,2019-12-01,Yas Marina Circuit,Max Verstappen,Dutch,Red Bull,2,18
Abu Dhabi Grand Prix,21,2019-12-01,Yas Marina Circuit,Charles Leclerc,Monegasque,Ferrari,3,15
Abu Dhabi Grand Prix,21,2019-12-01,Yas Marina Circuit,Valtteri Bottas,Finnish,Mercedes,4,12
Abu Dhabi Grand Prix,21,2019-12-01,Yas Marina Circuit,Sebastian Vettel,German,Ferrari,5,10
Abu Dhabi Grand Prix,21,2019-12-01,Yas Marina Circuit,Alexander Albon,Thai,Red Bull,6,8
Abu Dhabi Grand Prix,21,2019-12-01,Yas Marina Circuit,Sergio Pérez,Mexican,Racing Point,7,6
Abu Dhabi Grand Prix,21,2019-12-01,Yas Marina Circuit,Lando Norris,British,McLaren,8,4
Abu Dhabi Grand Prix,21,2019-12-01,Yas Marina Circuit,Daniil Kvyat,Russian,Toro Rosso,9,2
Abu Dhabi Grand Prix,21,2019-12-01,Yas Marina Circuit,Carlos Sainz,Spanish,McLaren,10,1
Abu Dhabi Grand Prix,21,2019-12-01,Yas Marina Circuit,Daniel Ricciardo,Australian,Renault,11,0
Abu Dhabi Grand Prix,21,2019-12-01,Yas Marina Circuit,Nico Hülkenberg,German,Renault,12,0
Abu Dhabi Grand Prix,21,2019-12-01,Yas Marina Circuit,Kimi Räikkönen,Finnish,Alfa Romeo,13,0
Abu Dhabi Grand Prix,21,2019-12-01,Yas Marina Circuit,Kevin Magnussen,Danish,Haas F1 Team,14,0
Abu Dhabi Grand Prix,21,2019-12-01,Yas Marina Circuit,Romain Grosjean,French,Haas F1 Team,15,0
Abu Dhabi Grand Prix,21,2019-12-01,Yas Marina Circuit,Antonio Giovinazzi,Italian,Alfa Romeo,16,0
Abu Dhabi Grand Prix,21,2019-12-01,Yas Marina Circuit,George Russell,British,Williams,17,0
Abu Dhabi Grand Prix,21,2019-12-01,Yas Marina Circuit,Pierre Gasly,French,Toro Rosso,18,0
Abu Dhabi Grand Prix,21,2019-12-01,Yas Marina Circuit,Robert Kubica,Polish,Williams,19,0
Abu Dhabi Grand Prix,21,2019-12-01,Yas Marina Circuit,Lance Stroll,Canadian,Racing Point,20,0
